{"v":"5.6.6","ip":0,"op":80,"fr":60,"w":491,"h":129,"layers":[{"ind":2959,"nm":"surface11636","ao":0,"ip":0,"op":80,"st":0,"ty":4,"ks":{"ty":"tr","o":{"k":100},"r":{"k":0},"p":{"a":0,"k":[0,0,0],"ix":2},"a":{"k":[0,0]},"s":{"k":[133.33,133.33]},"sk":{"k":0},"sa":{"k":0}},"shapes":[{"ty":"gr","hd":false,"nm":"surface11636","it":[{"ty":"gr","hd":false,"it":[{"ty":"sh","ks":{"k":{"i":[[0,0],[0,0],[0,-27.31],[33.69,0],[0,0],[0,27.31],[-33.69,0]],"o":[[0,0],[33.69,0],[0,33.69],[0,0],[-33.69,0],[0,-33.69],[0,0]],"v":[[64.5,3.5],[426.5,3.5],[487.5,64.5],[426.5,125.5],[64.5,125.5],[3.5,64.5],[64.5,3.5]],"c":true}}},{"ty":"st","lc":1,"lj":1,"ml":4,"o":{"k":100},"w":{"k":7},"c":{"k":[1,0,0,1]},"hd":false},{"ty":"tr","o":{"k":100},"r":{"k":0},"p":{"k":[0,0]},"a":{"k":[0,0]},"s":{"k":[75,75]},"sk":{"k":0},"sa":{"k":0},"hd":false}]},{"ty":"tr","o":{"k":100},"r":{"k":0},"p":{"k":[0,0]},"a":{"k":[0,0]},"s":{"k":[100,100]},"sk":{"k":0},"sa":{"k":0},"hd":false}]},{"ty":"tm","s":{"a":0,"k":0,"ix":1},"e":{"a":1,"k":[{"i":{"x":[0.35],"y":[1]},"o":{"x":[0.17],"y":[0.17]},"t":0,"s":[25]},{"t":55,"s":[100]}],"ix":2},"o":{"a":0,"k":0,"ix":3},"m":1,"ix":2,"nm":"Trim Paths 1","mn":"ADBE Vector Filter - Trim","hd":false}]}],"meta":{"g":"LF SVG to Lottie"}}